123456;images/1.jpg;Название товара 1
123457;images/2.jpg;Название товара 2
123458;images/3.jpg;Название товара 3
123459;images/4.jpg;Название товара 4
123460;images/5.jpg;Название товара 5
123461;images/6.jpg;Название товара 6
123462;images/7.jpg;Название товара 7
123463;images/8.jpg;Название товара 8
123464;images/9.jpg;Название товара 9
123465;images/10.jpg;Название товара 10
123466;images/11.jpg;Название товара 11
123467;images/12.jpg;Название товара 12
123468;images/13.jpg;Название товара 13
123469;images/14.jpg;Название товара 14
123470;images/15.jpg;Название товара 15
123471;images/16.jpg;Название товара 16
123472;images/17.jpg;Название товара 17
123473;images/18.jpg;Название товара 18
123474;images/19.jpg;Название товара 19
123475;images/20.jpg;Название товара 20
123476;images/1.jpg;Название товара 21
123477;images/2.jpg;Название товара 22
123478;images/3.jpg;Название товара 23
123479;images/4.jpg;Название товара 24
123480;images/5.jpg;Название товара 25
123481;images/6.jpg;Название товара 26
123482;images/7.jpg;Название товара 27
123483;images/8.jpg;Название товара 28
123484;images/9.jpg;Название товара 29
123485;images/10.jpg;Название товара 30
123486;images/11.jpg;Название товара 31
123487;images/12.jpg;Название товара 32
123488;images/13.jpg;Название товара 33
123489;images/14.jpg;Название товара 34
123490;images/15.jpg;Название товара 35
123491;images/16.jpg;Название товара 36
123492;images/17.jpg;Название товара 37
123493;images/18.jpg;Название товара 38
123494;images/19.jpg;Название товара 39
123495;images/20.jpg;Название товара 40
123496;images/1.jpg;Название товара 41
123497;images/2.jpg;Название товара 42
123498;images/3.jpg;Название товара 43
123499;images/4.jpg;Название товара 44
123500;images/5.jpg;Название товара 45
123501;images/6.jpg;Название товара 46
123502;images/7.jpg;Название товара 47
123503;images/8.jpg;Название товара 48
123504;images/9.jpg;Название товара 49
123505;images/10.jpg;Название товара 50
123506;images/11.jpg;Название товара 51
123507;images/12.jpg;Название товара 52
123508;images/13.jpg;Название товара 53
123509;images/14.jpg;Название товара 54
123510;images/15.jpg;Название товара 55
123511;images/16.jpg;Название товара 56
123512;images/17.jpg;Название товара 57
123513;images/18.jpg;Название товара 58
123514;images/19.jpg;Название товара 59
123515;images/20.jpg;Название товара 60
123516;images/1.jpg;Название товара 61
123517;images/2.jpg;Название товара 62
123518;images/3.jpg;Название товара 63
123519;images/4.jpg;Название товара 64
123520;images/5.jpg;Название товара 65
123521;images/6.jpg;Название товара 66
123522;images/7.jpg;Название товара 67
123523;images/8.jpg;Название товара 68
123524;images/9.jpg;Название товара 69
123525;images/10.jpg;Название товара 70
123526;images/11.jpg;Название товара 71
123527;images/12.jpg;Название товара 72
123528;images/13.jpg;Название товара 73
123529;images/14.jpg;Название товара 74
123530;images/15.jpg;Название товара 75
123531;images/16.jpg;Название товара 76
123532;images/17.jpg;Название товара 77
123533;images/18.jpg;Название товара 78
123534;images/19.jpg;Название товара 79
123535;images/20.jpg;Название товара 80
123536;images/1.jpg;Название товара 81
123537;images/2.jpg;Название товара 82
123538;images/3.jpg;Название товара 83
123539;images/4.jpg;Название товара 84
123540;images/5.jpg;Название товара 85
123541;images/6.jpg;Название товара 86
123542;images/7.jpg;Название товара 87
123543;images/8.jpg;Название товара 88
123544;images/9.jpg;Название товара 89
123545;images/10.jpg;Название товара 90
123546;images/11.jpg;Название товара 91
123547;images/12.jpg;Название товара 92
123548;images/13.jpg;Название товара 93
123549;images/14.jpg;Название товара 94
123550;images/15.jpg;Название товара 95
123551;images/16.jpg;Название товара 96
123552;images/17.jpg;Название товара 97
123553;images/18.jpg;Название товара 98
123554;images/19.jpg;Название товара 99
123555;images/20.jpg;Название товара 100
123556;images/1.jpg;Название товара 101
123557;images/2.jpg;Название товара 102
123558;images/3.jpg;Название товара 103
123559;images/4.jpg;Название товара 104
123560;images/5.jpg;Название товара 105
123561;images/6.jpg;Название товара 106
123562;images/7.jpg;Название товара 107
123563;images/8.jpg;Название товара 108
123564;images/9.jpg;Название товара 109
123565;images/10.jpg;Название товара 110
123566;images/11.jpg;Название товара 111
123567;images/12.jpg;Название товара 112
123568;images/13.jpg;Название товара 113
123569;images/14.jpg;Название товара 114
123570;images/15.jpg;Название товара 115
123571;images/16.jpg;Название товара 116
123572;images/17.jpg;Название товара 117
123573;images/18.jpg;Название товара 118
123574;images/19.jpg;Название товара 119
123575;images/20.jpg;Название товара 120
123576;images/1.jpg;Название товара 121
123577;images/2.jpg;Название товара 122
123578;images/3.jpg;Название товара 123
123579;images/4.jpg;Название товара 124
123580;images/5.jpg;Название товара 125
123581;images/6.jpg;Название товара 126
123582;images/7.jpg;Название товара 127
123583;images/8.jpg;Название товара 128
123584;images/9.jpg;Название товара 129
123585;images/10.jpg;Название товара 130
123586;images/11.jpg;Название товара 131
123587;images/12.jpg;Название товара 132
123588;images/13.jpg;Название товара 133
123589;images/14.jpg;Название товара 134
123590;images/15.jpg;Название товара 135
123591;images/16.jpg;Название товара 136
123592;images/17.jpg;Название товара 137
123593;images/18.jpg;Название товара 138
123594;images/19.jpg;Название товара 139
123595;images/20.jpg;Название товара 140
123596;images/1.jpg;Название товара 141
123597;images/2.jpg;Название товара 142
123598;images/3.jpg;Название товара 143
123599;images/4.jpg;Название товара 144
123600;images/5.jpg;Название товара 145
123601;images/6.jpg;Название товара 146
123602;images/7.jpg;Название товара 147
123603;images/8.jpg;Название товара 148
123604;images/9.jpg;Название товара 149
123605;images/10.jpg;Название товара 150
123606;images/11.jpg;Название товара 151
123607;images/12.jpg;Название товара 152
123608;images/13.jpg;Название товара 153
123609;images/14.jpg;Название товара 154
123610;images/15.jpg;Название товара 155
123611;images/16.jpg;Название товара 156
123612;images/17.jpg;Название товара 157
123613;images/18.jpg;Название товара 158
123614;images/19.jpg;Название товара 159
123615;images/20.jpg;Название товара 160
123616;images/1.jpg;Название товара 161
123617;images/2.jpg;Название товара 162
123618;images/3.jpg;Название товара 163
123619;images/4.jpg;Название товара 164
123620;images/5.jpg;Название товара 165
123621;images/6.jpg;Название товара 166
123622;images/7.jpg;Название товара 167
123623;images/8.jpg;Название товара 168
123624;images/9.jpg;Название товара 169
123625;images/10.jpg;Название товара 170
123626;images/11.jpg;Название товара 171
123627;images/12.jpg;Название товара 172
123628;images/13.jpg;Название товара 173
123629;images/14.jpg;Название товара 174
123630;images/15.jpg;Название товара 175
123631;images/16.jpg;Название товара 176
123632;images/17.jpg;Название товара 177
123633;images/18.jpg;Название товара 178
123634;images/19.jpg;Название товара 179
123635;images/20.jpg;Название товара 180
123636;images/1.jpg;Название товара 181
123637;images/2.jpg;Название товара 182
123638;images/3.jpg;Название товара 183
123639;images/4.jpg;Название товара 184
123640;images/5.jpg;Название товара 185
123641;images/6.jpg;Название товара 186
123642;images/7.jpg;Название товара 187
123643;images/8.jpg;Название товара 188
123644;images/9.jpg;Название товара 189
123645;images/10.jpg;Название товара 190
123646;images/11.jpg;Название товара 191
123647;images/12.jpg;Название товара 192
123648;images/13.jpg;Название товара 193
123649;images/14.jpg;Название товара 194
123650;images/15.jpg;Название товара 195
123651;images/16.jpg;Название товара 196
123652;images/17.jpg;Название товара 197
123653;images/18.jpg;Название товара 198
123654;images/19.jpg;Название товара 199
123655;images/20.jpg;Название товара 200
123656;images/1.jpg;Название товара 201
123657;images/2.jpg;Название товара 202
123658;images/3.jpg;Название товара 203
123659;images/4.jpg;Название товара 204
123660;images/5.jpg;Название товара 205
123661;images/6.jpg;Название товара 206
123662;images/7.jpg;Название товара 207
123663;images/8.jpg;Название товара 208
123664;images/9.jpg;Название товара 209
123665;images/10.jpg;Название товара 210
123666;images/11.jpg;Название товара 211
123667;images/12.jpg;Название товара 212
123668;images/13.jpg;Название товара 213
123669;images/14.jpg;Название товара 214
123670;images/15.jpg;Название товара 215
123671;images/16.jpg;Название товара 216
123672;images/17.jpg;Название товара 217
123673;images/18.jpg;Название товара 218
123674;images/19.jpg;Название товара 219
123675;images/20.jpg;Название товара 220
123676;images/1.jpg;Название товара 221
123677;images/2.jpg;Название товара 222
123678;images/3.jpg;Название товара 223
123679;images/4.jpg;Название товара 224
123680;images/5.jpg;Название товара 225
123681;images/6.jpg;Название товара 226
123682;images/7.jpg;Название товара 227
123683;images/8.jpg;Название товара 228
123684;images/9.jpg;Название товара 229
123685;images/10.jpg;Название товара 230
123686;images/11.jpg;Название товара 231
123687;images/12.jpg;Название товара 232
123688;images/13.jpg;Название товара 233
123689;images/14.jpg;Название товара 234
123690;images/15.jpg;Название товара 235
123691;images/16.jpg;Название товара 236
123692;images/17.jpg;Название товара 237
123693;images/18.jpg;Название товара 238
123694;images/19.jpg;Название товара 239
123695;images/20.jpg;Название товара 240
123696;images/1.jpg;Название товара 241
123697;images/2.jpg;Название товара 242
123698;images/3.jpg;Название товара 243
123699;images/4.jpg;Название товара 244
123700;images/5.jpg;Название товара 245
123701;images/6.jpg;Название товара 246
123702;images/7.jpg;Название товара 247
123703;images/8.jpg;Название товара 248
123704;images/9.jpg;Название товара 249
123705;images/10.jpg;Название товара 250
123706;images/11.jpg;Название товара 251
123707;images/12.jpg;Название товара 252
123708;images/13.jpg;Название товара 253
123709;images/14.jpg;Название товара 254
123710;images/15.jpg;Название товара 255
123711;images/16.jpg;Название товара 256
123712;images/17.jpg;Название товара 257
123713;images/18.jpg;Название товара 258
123714;images/19.jpg;Название товара 259
123715;images/20.jpg;Название товара 260
123716;images/1.jpg;Название товара 261
123717;images/2.jpg;Название товара 262
123718;images/3.jpg;Название товара 263
123719;images/4.jpg;Название товара 264
123720;images/5.jpg;Название товара 265
123721;images/6.jpg;Название товара 266
123722;images/7.jpg;Название товара 267
123723;images/8.jpg;Название товара 268
123724;images/9.jpg;Название товара 269
123725;images/10.jpg;Название товара 270
123726;images/11.jpg;Название товара 271
123727;images/12.jpg;Название товара 272
123728;images/13.jpg;Название товара 273
123729;images/14.jpg;Название товара 274
123730;images/15.jpg;Название товара 275
123731;images/16.jpg;Название товара 276
123732;images/17.jpg;Название товара 277
123733;images/18.jpg;Название товара 278
123734;images/19.jpg;Название товара 279
123735;images/20.jpg;Название товара 280
123736;images/1.jpg;Название товара 281
123737;images/2.jpg;Название товара 282
123738;images/3.jpg;Название товара 283
123739;images/4.jpg;Название товара 284
123740;images/5.jpg;Название товара 285
123741;images/6.jpg;Название товара 286
123742;images/7.jpg;Название товара 287
123743;images/8.jpg;Название товара 288
123744;images/9.jpg;Название товара 289
123745;images/10.jpg;Название товара 290
123746;images/11.jpg;Название товара 291
123747;images/12.jpg;Название товара 292
123748;images/13.jpg;Название товара 293
123749;images/14.jpg;Название товара 294
123750;images/15.jpg;Название товара 295
123751;images/16.jpg;Название товара 296
123752;images/17.jpg;Название товара 297
123753;images/18.jpg;Название товара 298
123754;images/19.jpg;Название товара 299
123755;images/20.jpg;Название товара 300
123756;images/1.jpg;Название товара 301
123757;images/2.jpg;Название товара 302
123758;images/3.jpg;Название товара 303
123759;images/4.jpg;Название товара 304
123760;images/5.jpg;Название товара 305
123761;images/6.jpg;Название товара 306
123762;images/7.jpg;Название товара 307
123763;images/8.jpg;Название товара 308
123764;images/9.jpg;Название товара 309
123765;images/10.jpg;Название товара 310
123766;images/11.jpg;Название товара 311
123767;images/12.jpg;Название товара 312
123768;images/13.jpg;Название товара 313
123769;images/14.jpg;Название товара 314
123770;images/15.jpg;Название товара 315
123771;images/16.jpg;Название товара 316
123772;images/17.jpg;Название товара 317
123773;images/18.jpg;Название товара 318
123774;images/19.jpg;Название товара 319
123775;images/20.jpg;Название товара 320
123776;images/1.jpg;Название товара 321
123777;images/2.jpg;Название товара 322
123778;images/3.jpg;Название товара 323
123779;images/4.jpg;Название товара 324
123780;images/5.jpg;Название товара 325
123781;images/6.jpg;Название товара 326
123782;images/7.jpg;Название товара 327
123783;images/8.jpg;Название товара 328
123784;images/9.jpg;Название товара 329
123785;images/10.jpg;Название товара 330
123786;images/11.jpg;Название товара 331
123787;images/12.jpg;Название товара 332
123788;images/13.jpg;Название товара 333
123789;images/14.jpg;Название товара 334
123790;images/15.jpg;Название товара 335
123791;images/16.jpg;Название товара 336
123792;images/17.jpg;Название товара 337
123793;images/18.jpg;Название товара 338
123794;images/19.jpg;Название товара 339
123795;images/20.jpg;Название товара 340
123796;images/1.jpg;Название товара 341
123797;images/2.jpg;Название товара 342
123798;images/3.jpg;Название товара 343
123799;images/4.jpg;Название товара 344
123800;images/5.jpg;Название товара 345
123801;images/6.jpg;Название товара 346
123802;images/7.jpg;Название товара 347
123803;images/8.jpg;Название товара 348
123804;images/9.jpg;Название товара 349
123805;images/10.jpg;Название товара 350
123806;images/11.jpg;Название товара 351
123807;images/12.jpg;Название товара 352
123808;images/13.jpg;Название товара 353
123809;images/14.jpg;Название товара 354
123810;images/15.jpg;Название товара 355
123811;images/16.jpg;Название товара 356
123812;images/17.jpg;Название товара 357
123813;images/18.jpg;Название товара 358
123814;images/19.jpg;Название товара 359
123815;images/20.jpg;Название товара 360
123816;images/1.jpg;Название товара 361
123817;images/2.jpg;Название товара 362
123818;images/3.jpg;Название товара 363
123819;images/4.jpg;Название товара 364
123820;images/5.jpg;Название товара 365
123821;images/6.jpg;Название товара 366
123822;images/7.jpg;Название товара 367
123823;images/8.jpg;Название товара 368
123824;images/9.jpg;Название товара 369
123825;images/10.jpg;Название товара 370
123826;images/11.jpg;Название товара 371
123827;images/12.jpg;Название товара 372
123828;images/13.jpg;Название товара 373
123829;images/14.jpg;Название товара 374
123830;images/15.jpg;Название товара 375
123831;images/16.jpg;Название товара 376
123832;images/17.jpg;Название товара 377
123833;images/18.jpg;Название товара 378
123834;images/19.jpg;Название товара 379
123835;images/20.jpg;Название товара 380
123836;images/1.jpg;Название товара 381
123837;images/2.jpg;Название товара 382
123838;images/3.jpg;Название товара 383
123839;images/4.jpg;Название товара 384
123840;images/5.jpg;Название товара 385
123841;images/6.jpg;Название товара 386
123842;images/7.jpg;Название товара 387
123843;images/8.jpg;Название товара 388
123844;images/9.jpg;Название товара 389
123845;images/10.jpg;Название товара 390
123846;images/11.jpg;Название товара 391
123847;images/12.jpg;Название товара 392
123848;images/13.jpg;Название товара 393
123849;images/14.jpg;Название товара 394
123850;images/15.jpg;Название товара 395
123851;images/16.jpg;Название товара 396
123852;images/17.jpg;Название товара 397
123853;images/18.jpg;Название товара 398
123854;images/19.jpg;Название товара 399
123855;images/20.jpg;Название товара 400
123856;images/1.jpg;Название товара 401
123857;images/2.jpg;Название товара 402
123858;images/3.jpg;Название товара 403
123859;images/4.jpg;Название товара 404
123860;images/5.jpg;Название товара 405
123861;images/6.jpg;Название товара 406
123862;images/7.jpg;Название товара 407
123863;images/8.jpg;Название товара 408
123864;images/9.jpg;Название товара 409
123865;images/10.jpg;Название товара 410
123866;images/11.jpg;Название товара 411
123867;images/12.jpg;Название товара 412
123868;images/13.jpg;Название товара 413
123869;images/14.jpg;Название товара 414
123870;images/15.jpg;Название товара 415
123871;images/16.jpg;Название товара 416
123872;images/17.jpg;Название товара 417
123873;images/18.jpg;Название товара 418
123874;images/19.jpg;Название товара 419
123875;images/20.jpg;Название товара 420
123876;images/1.jpg;Название товара 421
123877;images/2.jpg;Название товара 422
123878;images/3.jpg;Название товара 423
123879;images/4.jpg;Название товара 424
123880;images/5.jpg;Название товара 425
123881;images/6.jpg;Название товара 426
123882;images/7.jpg;Название товара 427
123883;images/8.jpg;Название товара 428
123884;images/9.jpg;Название товара 429
123885;images/10.jpg;Название товара 430
123886;images/11.jpg;Название товара 431
123887;images/12.jpg;Название товара 432
123888;images/13.jpg;Название товара 433
123889;images/14.jpg;Название товара 434
123890;images/15.jpg;Название товара 435
123891;images/16.jpg;Название товара 436
123892;images/17.jpg;Название товара 437
123893;images/18.jpg;Название товара 438
123894;images/19.jpg;Название товара 439
123895;images/20.jpg;Название товара 440
123896;images/1.jpg;Название товара 441
123897;images/2.jpg;Название товара 442
123898;images/3.jpg;Название товара 443
123899;images/4.jpg;Название товара 444
123900;images/5.jpg;Название товара 445
123901;images/6.jpg;Название товара 446
123902;images/7.jpg;Название товара 447
123903;images/8.jpg;Название товара 448
123904;images/9.jpg;Название товара 449
123905;images/10.jpg;Название товара 450
123906;images/11.jpg;Название товара 451
123907;images/12.jpg;Название товара 452
123908;images/13.jpg;Название товара 453
123909;images/14.jpg;Название товара 454
123910;images/15.jpg;Название товара 455
123911;images/16.jpg;Название товара 456
123912;images/17.jpg;Название товара 457
123913;images/18.jpg;Название товара 458
123914;images/19.jpg;Название товара 459
123915;images/20.jpg;Название товара 460
123916;images/1.jpg;Название товара 461
123917;images/2.jpg;Название товара 462
123918;images/3.jpg;Название товара 463
123919;images/4.jpg;Название товара 464
123920;images/5.jpg;Название товара 465
123921;images/6.jpg;Название товара 466
123922;images/7.jpg;Название товара 467
123923;images/8.jpg;Название товара 468
123924;images/9.jpg;Название товара 469
123925;images/10.jpg;Название товара 470
123926;images/11.jpg;Название товара 471
123927;images/12.jpg;Название товара 472
123928;images/13.jpg;Название товара 473
123929;images/14.jpg;Название товара 474
123930;images/15.jpg;Название товара 475
123931;images/16.jpg;Название товара 476
123932;images/17.jpg;Название товара 477
123933;images/18.jpg;Название товара 478
123934;images/19.jpg;Название товара 479
123935;images/20.jpg;Название товара 480
123936;images/1.jpg;Название товара 481
123937;images/2.jpg;Название товара 482
123938;images/3.jpg;Название товара 483
123939;images/4.jpg;Название товара 484
123940;images/5.jpg;Название товара 485
123941;images/6.jpg;Название товара 486
123942;images/7.jpg;Название товара 487
123943;images/8.jpg;Название товара 488
123944;images/9.jpg;Название товара 489
123945;images/10.jpg;Название товара 490
123946;images/11.jpg;Название товара 491
123947;images/12.jpg;Название товара 492
123948;images/13.jpg;Название товара 493
123949;images/14.jpg;Название товара 494
123950;images/15.jpg;Название товара 495
123951;images/16.jpg;Название товара 496
123952;images/17.jpg;Название товара 497
123953;images/18.jpg;Название товара 498
123954;images/19.jpg;Название товара 499
123955;images/20.jpg;Название товара 500
123956;images/1.jpg;Название товара 501
123957;images/2.jpg;Название товара 502
123958;images/3.jpg;Название товара 503
123959;images/4.jpg;Название товара 504
123960;images/5.jpg;Название товара 505
123961;images/6.jpg;Название товара 506
123962;images/7.jpg;Название товара 507
123963;images/8.jpg;Название товара 508
123964;images/9.jpg;Название товара 509
123965;images/10.jpg;Название товара 510
123966;images/11.jpg;Название товара 511
123967;images/12.jpg;Название товара 512
123968;images/13.jpg;Название товара 513
123969;images/14.jpg;Название товара 514
123970;images/15.jpg;Название товара 515
123971;images/16.jpg;Название товара 516
123972;images/17.jpg;Название товара 517
123973;images/18.jpg;Название товара 518
123974;images/19.jpg;Название товара 519
123975;images/20.jpg;Название товара 520
123976;images/1.jpg;Название товара 521
123977;images/2.jpg;Название товара 522
123978;images/3.jpg;Название товара 523
123979;images/4.jpg;Название товара 524
123980;images/5.jpg;Название товара 525
123981;images/6.jpg;Название товара 526
123982;images/7.jpg;Название товара 527
123983;images/8.jpg;Название товара 528
123984;images/9.jpg;Название товара 529
123985;images/10.jpg;Название товара 530
123986;images/11.jpg;Название товара 531
123987;images/12.jpg;Название товара 532
123988;images/13.jpg;Название товара 533
123989;images/14.jpg;Название товара 534
123990;images/15.jpg;Название товара 535
123991;images/16.jpg;Название товара 536
123992;images/17.jpg;Название товара 537
123993;images/18.jpg;Название товара 538
123994;images/19.jpg;Название товара 539
123995;images/20.jpg;Название товара 540
123996;images/1.jpg;Название товара 541
123997;images/2.jpg;Название товара 542
123998;images/3.jpg;Название товара 543
123999;images/4.jpg;Название товара 544
124000;images/5.jpg;Название товара 545
124001;images/6.jpg;Название товара 546
124002;images/7.jpg;Название товара 547
124003;images/8.jpg;Название товара 548
124004;images/9.jpg;Название товара 549
124005;images/10.jpg;Название товара 550
124006;images/11.jpg;Название товара 551
124007;images/12.jpg;Название товара 552
124008;images/13.jpg;Название товара 553
124009;images/14.jpg;Название товара 554
124010;images/15.jpg;Название товара 555
124011;images/16.jpg;Название товара 556
124012;images/17.jpg;Название товара 557
124013;images/18.jpg;Название товара 558
124014;images/19.jpg;Название товара 559
124015;images/20.jpg;Название товара 560
124016;images/1.jpg;Название товара 561
124017;images/2.jpg;Название товара 562
124018;images/3.jpg;Название товара 563
124019;images/4.jpg;Название товара 564
124020;images/5.jpg;Название товара 565
124021;images/6.jpg;Название товара 566
124022;images/7.jpg;Название товара 567
124023;images/8.jpg;Название товара 568
124024;images/9.jpg;Название товара 569
124025;images/10.jpg;Название товара 570
124026;images/11.jpg;Название товара 571
124027;images/12.jpg;Название товара 572
124028;images/13.jpg;Название товара 573
124029;images/14.jpg;Название товара 574
124030;images/15.jpg;Название товара 575
124031;images/16.jpg;Название товара 576
124032;images/17.jpg;Название товара 577
124033;images/18.jpg;Название товара 578
124034;images/19.jpg;Название товара 579
124035;images/20.jpg;Название товара 580
124036;images/1.jpg;Название товара 581
124037;images/2.jpg;Название товара 582
124038;images/3.jpg;Название товара 583
124039;images/4.jpg;Название товара 584
124040;images/5.jpg;Название товара 585
124041;images/6.jpg;Название товара 586
124042;images/7.jpg;Название товара 587
124043;images/8.jpg;Название товара 588
124044;images/9.jpg;Название товара 589
124045;images/10.jpg;Название товара 590
124046;images/11.jpg;Название товара 591
124047;images/12.jpg;Название товара 592
124048;images/13.jpg;Название товара 593
124049;images/14.jpg;Название товара 594
124050;images/15.jpg;Название товара 595
124051;images/16.jpg;Название товара 596
124052;images/17.jpg;Название товара 597
124053;images/18.jpg;Название товара 598
124054;images/19.jpg;Название товара 599
124055;images/20.jpg;Название товара 600
124056;images/1.jpg;Название товара 601
124057;images/2.jpg;Название товара 602
124058;images/3.jpg;Название товара 603
124059;images/4.jpg;Название товара 604
124060;images/5.jpg;Название товара 605
124061;images/6.jpg;Название товара 606
124062;images/7.jpg;Название товара 607
124063;images/8.jpg;Название товара 608
124064;images/9.jpg;Название товара 609
124065;images/10.jpg;Название товара 610
124066;images/11.jpg;Название товара 611
124067;images/12.jpg;Название товара 612
124068;images/13.jpg;Название товара 613
124069;images/14.jpg;Название товара 614
124070;images/15.jpg;Название товара 615
124071;images/16.jpg;Название товара 616
124072;images/17.jpg;Название товара 617
124073;images/18.jpg;Название товара 618
124074;images/19.jpg;Название товара 619
124075;images/20.jpg;Название товара 620
124076;images/1.jpg;Название товара 621
124077;images/2.jpg;Название товара 622
124078;images/3.jpg;Название товара 623
124079;images/4.jpg;Название товара 624
124080;images/5.jpg;Название товара 625
124081;images/6.jpg;Название товара 626
124082;images/7.jpg;Название товара 627
124083;images/8.jpg;Название товара 628
124084;images/9.jpg;Название товара 629
124085;images/10.jpg;Название товара 630
124086;images/11.jpg;Название товара 631
124087;images/12.jpg;Название товара 632
124088;images/13.jpg;Название товара 633
124089;images/14.jpg;Название товара 634
124090;images/15.jpg;Название товара 635
124091;images/16.jpg;Название товара 636
124092;images/17.jpg;Название товара 637
124093;images/18.jpg;Название товара 638
124094;images/19.jpg;Название товара 639
124095;images/20.jpg;Название товара 640
124096;images/1.jpg;Название товара 641
124097;images/2.jpg;Название товара 642
124098;images/3.jpg;Название товара 643
124099;images/4.jpg;Название товара 644
124100;images/5.jpg;Название товара 645
124101;images/6.jpg;Название товара 646
124102;images/7.jpg;Название товара 647
124103;images/8.jpg;Название товара 648
124104;images/9.jpg;Название товара 649
124105;images/10.jpg;Название товара 650
124106;images/11.jpg;Название товара 651
124107;images/12.jpg;Название товара 652
124108;images/13.jpg;Название товара 653
124109;images/14.jpg;Название товара 654
124110;images/15.jpg;Название товара 655
124111;images/16.jpg;Название товара 656
124112;images/17.jpg;Название товара 657
124113;images/18.jpg;Название товара 658
124114;images/19.jpg;Название товара 659
124115;images/20.jpg;Название товара 660
124116;images/1.jpg;Название товара 661
124117;images/2.jpg;Название товара 662
124118;images/3.jpg;Название товара 663
124119;images/4.jpg;Название товара 664
124120;images/5.jpg;Название товара 665
124121;images/6.jpg;Название товара 666
124122;images/7.jpg;Название товара 667
124123;images/8.jpg;Название товара 668
124124;images/9.jpg;Название товара 669
124125;images/10.jpg;Название товара 670
124126;images/11.jpg;Название товара 671
124127;images/12.jpg;Название товара 672
124128;images/13.jpg;Название товара 673
124129;images/14.jpg;Название товара 674
124130;images/15.jpg;Название товара 675
124131;images/16.jpg;Название товара 676
124132;images/17.jpg;Название товара 677
124133;images/18.jpg;Название товара 678
124134;images/19.jpg;Название товара 679
124135;images/20.jpg;Название товара 680
124136;images/1.jpg;Название товара 681
124137;images/2.jpg;Название товара 682
124138;images/3.jpg;Название товара 683
124139;images/4.jpg;Название товара 684
124140;images/5.jpg;Название товара 685
124141;images/6.jpg;Название товара 686
124142;images/7.jpg;Название товара 687
124143;images/8.jpg;Название товара 688
124144;images/9.jpg;Название товара 689
124145;images/10.jpg;Название товара 690
124146;images/11.jpg;Название товара 691
124147;images/12.jpg;Название товара 692
124148;images/13.jpg;Название товара 693
124149;images/14.jpg;Название товара 694
124150;images/15.jpg;Название товара 695
124151;images/16.jpg;Название товара 696
124152;images/17.jpg;Название товара 697
124153;images/18.jpg;Название товара 698
124154;images/19.jpg;Название товара 699
124155;images/20.jpg;Название товара 700
124156;images/1.jpg;Название товара 701
124157;images/2.jpg;Название товара 702
124158;images/3.jpg;Название товара 703
124159;images/4.jpg;Название товара 704
124160;images/5.jpg;Название товара 705
124161;images/6.jpg;Название товара 706
124162;images/7.jpg;Название товара 707
124163;images/8.jpg;Название товара 708
124164;images/9.jpg;Название товара 709
124165;images/10.jpg;Название товара 710
124166;images/11.jpg;Название товара 711
124167;images/12.jpg;Название товара 712
124168;images/13.jpg;Название товара 713
124169;images/14.jpg;Название товара 714
124170;images/15.jpg;Название товара 715
124171;images/16.jpg;Название товара 716
124172;images/17.jpg;Название товара 717
124173;images/18.jpg;Название товара 718
124174;images/19.jpg;Название товара 719
124175;images/20.jpg;Название товара 720
124176;images/1.jpg;Название товара 721
124177;images/2.jpg;Название товара 722
124178;images/3.jpg;Название товара 723
124179;images/4.jpg;Название товара 724
124180;images/5.jpg;Название товара 725
124181;images/6.jpg;Название товара 726
124182;images/7.jpg;Название товара 727
124183;images/8.jpg;Название товара 728
124184;images/9.jpg;Название товара 729
124185;images/10.jpg;Название товара 730
124186;images/11.jpg;Название товара 731
124187;images/12.jpg;Название товара 732
124188;images/13.jpg;Название товара 733
124189;images/14.jpg;Название товара 734
124190;images/15.jpg;Название товара 735
124191;images/16.jpg;Название товара 736
124192;images/17.jpg;Название товара 737
124193;images/18.jpg;Название товара 738
124194;images/19.jpg;Название товара 739
124195;images/20.jpg;Название товара 740
124196;images/1.jpg;Название товара 741
124197;images/2.jpg;Название товара 742
124198;images/3.jpg;Название товара 743
124199;images/4.jpg;Название товара 744
124200;images/5.jpg;Название товара 745
124201;images/6.jpg;Название товара 746
124202;images/7.jpg;Название товара 747
124203;images/8.jpg;Название товара 748
124204;images/9.jpg;Название товара 749
124205;images/10.jpg;Название товара 750
124206;images/11.jpg;Название товара 751
124207;images/12.jpg;Название товара 752
124208;images/13.jpg;Название товара 753
124209;images/14.jpg;Название товара 754
124210;images/15.jpg;Название товара 755
124211;images/16.jpg;Название товара 756
124212;images/17.jpg;Название товара 757
124213;images/18.jpg;Название товара 758
124214;images/19.jpg;Название товара 759
124215;images/20.jpg;Название товара 760
124216;images/1.jpg;Название товара 761
124217;images/2.jpg;Название товара 762
124218;images/3.jpg;Название товара 763
124219;images/4.jpg;Название товара 764
124220;images/5.jpg;Название товара 765
124221;images/6.jpg;Название товара 766
124222;images/7.jpg;Название товара 767
124223;images/8.jpg;Название товара 768
124224;images/9.jpg;Название товара 769
124225;images/10.jpg;Название товара 770
124226;images/11.jpg;Название товара 771
124227;images/12.jpg;Название товара 772
124228;images/13.jpg;Название товара 773
124229;images/14.jpg;Название товара 774
124230;images/15.jpg;Название товара 775
124231;images/16.jpg;Название товара 776
124232;images/17.jpg;Название товара 777
124233;images/18.jpg;Название товара 778
124234;images/19.jpg;Название товара 779
124235;images/20.jpg;Название товара 780
124236;images/1.jpg;Название товара 781
124237;images/2.jpg;Название товара 782
124238;images/3.jpg;Название товара 783
124239;images/4.jpg;Название товара 784
124240;images/5.jpg;Название товара 785
124241;images/6.jpg;Название товара 786
124242;images/7.jpg;Название товара 787
124243;images/8.jpg;Название товара 788
124244;images/9.jpg;Название товара 789
124245;images/10.jpg;Название товара 790
124246;images/11.jpg;Название товара 791
124247;images/12.jpg;Название товара 792
124248;images/13.jpg;Название товара 793
124249;images/14.jpg;Название товара 794
124250;images/15.jpg;Название товара 795
124251;images/16.jpg;Название товара 796
124252;images/17.jpg;Название товара 797
124253;images/18.jpg;Название товара 798
124254;images/19.jpg;Название товара 799
124255;images/20.jpg;Название товара 800
124256;images/1.jpg;Название товара 801
124257;images/2.jpg;Название товара 802
124258;images/3.jpg;Название товара 803
124259;images/4.jpg;Название товара 804
124260;images/5.jpg;Название товара 805
124261;images/6.jpg;Название товара 806
124262;images/7.jpg;Название товара 807
124263;images/8.jpg;Название товара 808
124264;images/9.jpg;Название товара 809
124265;images/10.jpg;Название товара 810
124266;images/11.jpg;Название товара 811
124267;images/12.jpg;Название товара 812
124268;images/13.jpg;Название товара 813
124269;images/14.jpg;Название товара 814
124270;images/15.jpg;Название товара 815
124271;images/16.jpg;Название товара 816
124272;images/17.jpg;Название товара 817
124273;images/18.jpg;Название товара 818
124274;images/19.jpg;Название товара 819
124275;images/20.jpg;Название товара 820
124276;images/1.jpg;Название товара 821
124277;images/2.jpg;Название товара 822
124278;images/3.jpg;Название товара 823
124279;images/4.jpg;Название товара 824
124280;images/5.jpg;Название товара 825
124281;images/6.jpg;Название товара 826
124282;images/7.jpg;Название товара 827
124283;images/8.jpg;Название товара 828
124284;images/9.jpg;Название товара 829
124285;images/10.jpg;Название товара 830
124286;images/11.jpg;Название товара 831
124287;images/12.jpg;Название товара 832
124288;images/13.jpg;Название товара 833
124289;images/14.jpg;Название товара 834
124290;images/15.jpg;Название товара 835
124291;images/16.jpg;Название товара 836
124292;images/17.jpg;Название товара 837
124293;images/18.jpg;Название товара 838
124294;images/19.jpg;Название товара 839
124295;images/20.jpg;Название товара 840
124296;images/1.jpg;Название товара 841
124297;images/2.jpg;Название товара 842
124298;images/3.jpg;Название товара 843
124299;images/4.jpg;Название товара 844
124300;images/5.jpg;Название товара 845
124301;images/6.jpg;Название товара 846
124302;images/7.jpg;Название товара 847
124303;images/8.jpg;Название товара 848
124304;images/9.jpg;Название товара 849
124305;images/10.jpg;Название товара 850
124306;images/11.jpg;Название товара 851
124307;images/12.jpg;Название товара 852
124308;images/13.jpg;Название товара 853
124309;images/14.jpg;Название товара 854
124310;images/15.jpg;Название товара 855
124311;images/16.jpg;Название товара 856
124312;images/17.jpg;Название товара 857
124313;images/18.jpg;Название товара 858
124314;images/19.jpg;Название товара 859
124315;images/20.jpg;Название товара 860
124316;images/1.jpg;Название товара 861
124317;images/2.jpg;Название товара 862
124318;images/3.jpg;Название товара 863
124319;images/4.jpg;Название товара 864
124320;images/5.jpg;Название товара 865
124321;images/6.jpg;Название товара 866
124322;images/7.jpg;Название товара 867
124323;images/8.jpg;Название товара 868
124324;images/9.jpg;Название товара 869
124325;images/10.jpg;Название товара 870
124326;images/11.jpg;Название товара 871
124327;images/12.jpg;Название товара 872
124328;images/13.jpg;Название товара 873
124329;images/14.jpg;Название товара 874
124330;images/15.jpg;Название товара 875
124331;images/16.jpg;Название товара 876
124332;images/17.jpg;Название товара 877
124333;images/18.jpg;Название товара 878
124334;images/19.jpg;Название товара 879
124335;images/20.jpg;Название товара 880
124336;images/1.jpg;Название товара 881
124337;images/2.jpg;Название товара 882
124338;images/3.jpg;Название товара 883
124339;images/4.jpg;Название товара 884
124340;images/5.jpg;Название товара 885
124341;images/6.jpg;Название товара 886
124342;images/7.jpg;Название товара 887
124343;images/8.jpg;Название товара 888
124344;images/9.jpg;Название товара 889
124345;images/10.jpg;Название товара 890
124346;images/11.jpg;Название товара 891
124347;images/12.jpg;Название товара 892
124348;images/13.jpg;Название товара 893
124349;images/14.jpg;Название товара 894
124350;images/15.jpg;Название товара 895
124351;images/16.jpg;Название товара 896
124352;images/17.jpg;Название товара 897
124353;images/18.jpg;Название товара 898
124354;images/19.jpg;Название товара 899
124355;images/20.jpg;Название товара 900
124356;images/1.jpg;Название товара 901
124357;images/2.jpg;Название товара 902
124358;images/3.jpg;Название товара 903
124359;images/4.jpg;Название товара 904
124360;images/5.jpg;Название товара 905
124361;images/6.jpg;Название товара 906
124362;images/7.jpg;Название товара 907
124363;images/8.jpg;Название товара 908
124364;images/9.jpg;Название товара 909
124365;images/10.jpg;Название товара 910
124366;images/11.jpg;Название товара 911
124367;images/12.jpg;Название товара 912
124368;images/13.jpg;Название товара 913
124369;images/14.jpg;Название товара 914
124370;images/15.jpg;Название товара 915
124371;images/16.jpg;Название товара 916
124372;images/17.jpg;Название товара 917
124373;images/18.jpg;Название товара 918
124374;images/19.jpg;Название товара 919
124375;images/20.jpg;Название товара 920
124376;images/1.jpg;Название товара 921
124377;images/2.jpg;Название товара 922
124378;images/3.jpg;Название товара 923
124379;images/4.jpg;Название товара 924
124380;images/5.jpg;Название товара 925
124381;images/6.jpg;Название товара 926
124382;images/7.jpg;Название товара 927
124383;images/8.jpg;Название товара 928
124384;images/9.jpg;Название товара 929
124385;images/10.jpg;Название товара 930
124386;images/11.jpg;Название товара 931
124387;images/12.jpg;Название товара 932
124388;images/13.jpg;Название товара 933
124389;images/14.jpg;Название товара 934
124390;images/15.jpg;Название товара 935
124391;images/16.jpg;Название товара 936
124392;images/17.jpg;Название товара 937
124393;images/18.jpg;Название товара 938
124394;images/19.jpg;Название товара 939
124395;images/20.jpg;Название товара 940
124396;images/1.jpg;Название товара 941
124397;images/2.jpg;Название товара 942
124398;images/3.jpg;Название товара 943
124399;images/4.jpg;Название товара 944
124400;images/5.jpg;Название товара 945
124401;images/6.jpg;Название товара 946
124402;images/7.jpg;Название товара 947
124403;images/8.jpg;Название товара 948
124404;images/9.jpg;Название товара 949
124405;images/10.jpg;Название товара 950
124406;images/11.jpg;Название товара 951
124407;images/12.jpg;Название товара 952
124408;images/13.jpg;Название товара 953
124409;images/14.jpg;Название товара 954
124410;images/15.jpg;Название товара 955
124411;images/16.jpg;Название товара 956
124412;images/17.jpg;Название товара 957
124413;images/18.jpg;Название товара 958
124414;images/19.jpg;Название товара 959
124415;images/20.jpg;Название товара 960
124416;images/1.jpg;Название товара 961
124417;images/2.jpg;Название товара 962
124418;images/3.jpg;Название товара 963
124419;images/4.jpg;Название товара 964
124420;images/5.jpg;Название товара 965
124421;images/6.jpg;Название товара 966
124422;images/7.jpg;Название товара 967
124423;images/8.jpg;Название товара 968
124424;images/9.jpg;Название товара 969
124425;images/10.jpg;Название товара 970
124426;images/11.jpg;Название товара 971
124427;images/12.jpg;Название товара 972
124428;images/13.jpg;Название товара 973
124429;images/14.jpg;Название товара 974
124430;images/15.jpg;Название товара 975
124431;images/16.jpg;Название товара 976
124432;images/17.jpg;Название товара 977
124433;images/18.jpg;Название товара 978
124434;images/19.jpg;Название товара 979
124435;images/20.jpg;Название товара 980
124436;images/1.jpg;Название товара 981
124437;images/2.jpg;Название товара 982
124438;images/3.jpg;Название товара 983
124439;images/4.jpg;Название товара 984
124440;images/5.jpg;Название товара 985
124441;images/6.jpg;Название товара 986
124442;images/7.jpg;Название товара 987
124443;images/8.jpg;Название товара 988
124444;images/9.jpg;Название товара 989
124445;images/10.jpg;Название товара 990
124446;images/11.jpg;Название товара 991
124447;images/12.jpg;Название товара 992
124448;images/13.jpg;Название товара 993
124449;images/14.jpg;Название товара 994
124450;images/15.jpg;Название товара 995
124451;images/16.jpg;Название товара 996
124452;images/17.jpg;Название товара 997
124453;images/18.jpg;Название товара 998
124454;images/19.jpg;Название товара 999
124455;images/20.jpg;Название товара 1000
